[
  {
    "featureType": "administrative.country",
    "stylers": [
      {
        "visibility": "on"
      }
    ]
  },
  {
    "featureType": "administrative.province",
    "stylers": [
      {
        "visibility": "on"
      }
    ]
  },
  {
    "featureType": "landscape.natural",
    "stylers": [
      {
        "visibility": "simplified"
      }
    ]
  },
  {
    "featureType": "landscape.natural",
    "elementType": "geometry.fill",
    "stylers": [
      {
        "visibility": "off"
      }
    ]
  },
  {
    "featureType": "landscape.natural",
    "elementType": "labels.text",
    "stylers": [
      {
        "visibility": "off"
      }
    ]
  },
  {
    "featureType": "poi.park",
    "stylers": [
      {
        "visibility": "on"
      }
    ]
  },
  {
    "featureType": "poi.park",
    "elementType": "labels.text",
    "stylers": [
      {
        "visibility": "off"
      }
    ]
  },
  {
    "featureType": "road",
    "stylers": [
      {
        "visibility": "off"
      }
    ]
  },
  {
    "featureType": "water",
    "stylers": [
      {
        "color": "#8c8cff"
      },
      {
        "visibility": "on"
      }
    ]
  }
]